[
  {
    "name": "1962 North John Young Pkwy",
    "slug": "1962-north-john-young-pkwy",
    "href": "/podoguide/podiatrists/fl/1962-north-john-young-pkwy/",
    "count": 1
  },
  {
    "name": "Alachua",
    "slug": "alachua",
    "href": "/podoguide/podiatrists/fl/alachua/",
    "count": 16
  },
  {
    "name": "Alford",
    "slug": "alford",
    "href": "/podoguide/podiatrists/fl/alford/",
    "count": 15
  },
  {
    "name": "Altamonte Spg",
    "slug": "altamonte-spg",
    "href": "/podoguide/podiatrists/fl/altamonte-spg/",
    "count": 5
  },
  {
    "name": "Altamonte Spring",
    "slug": "altamonte-spring",
    "href": "/podoguide/podiatrists/fl/altamonte-spring/",
    "count": 1
  },
  {
    "name": "Altamonte Springs",
    "slug": "altamonte-springs",
    "href": "/podoguide/podiatrists/fl/altamonte-springs/",
    "count": 251
  },
  {
    "name": "Altha",
    "slug": "altha",
    "href": "/podoguide/podiatrists/fl/altha/",
    "count": 2
  },
  {
    "name": "Altoona",
    "slug": "altoona",
    "href": "/podoguide/podiatrists/fl/altoona/",
    "count": 4
  },
  {
    "name": "Alva",
    "slug": "alva",
    "href": "/podoguide/podiatrists/fl/alva/",
    "count": 2
  },
  {
    "name": "Amelia Island",
    "slug": "amelia-island",
    "href": "/podoguide/podiatrists/fl/amelia-island/",
    "count": 3
  },
  {
    "name": "Anthony",
    "slug": "anthony",
    "href": "/podoguide/podiatrists/fl/anthony/",
    "count": 2
  },
  {
    "name": "Apalachicola",
    "slug": "apalachicola",
    "href": "/podoguide/podiatrists/fl/apalachicola/",
    "count": 7
  },
  {
    "name": "Apollo Beach",
    "slug": "apollo-beach",
    "href": "/podoguide/podiatrists/fl/apollo-beach/",
    "count": 28
  },
  {
    "name": "Apopka",
    "slug": "apopka",
    "href": "/podoguide/podiatrists/fl/apopka/",
    "count": 203
  },
  {
    "name": "Arcadia",
    "slug": "arcadia",
    "href": "/podoguide/podiatrists/fl/arcadia/",
    "count": 191
  },
  {
    "name": "Archer",
    "slug": "archer",
    "href": "/podoguide/podiatrists/fl/archer/",
    "count": 4
  },
  {
    "name": "Astatula",
    "slug": "astatula",
    "href": "/podoguide/podiatrists/fl/astatula/",
    "count": 1
  },
  {
    "name": "Astor",
    "slug": "astor",
    "href": "/podoguide/podiatrists/fl/astor/",
    "count": 1
  },
  {
    "name": "Atlantic Beach",
    "slug": "atlantic-beach",
    "href": "/podoguide/podiatrists/fl/atlantic-beach/",
    "count": 10
  },
  {
    "name": "Atlantis",
    "slug": "atlantis",
    "href": "/podoguide/podiatrists/fl/atlantis/",
    "count": 109
  },
  {
    "name": "Auburndale",
    "slug": "auburndale",
    "href": "/podoguide/podiatrists/fl/auburndale/",
    "count": 27
  },
  {
    "name": "Ave Maria",
    "slug": "ave-maria",
    "href": "/podoguide/podiatrists/fl/ave-maria/",
    "count": 8
  },
  {
    "name": "Aventura",
    "slug": "aventura",
    "href": "/podoguide/podiatrists/fl/aventura/",
    "count": 248
  },
  {
    "name": "Avon Park",
    "slug": "avon-park",
    "href": "/podoguide/podiatrists/fl/avon-park/",
    "count": 26
  },
  {
    "name": "Babcock Ranch",
    "slug": "babcock-ranch",
    "href": "/podoguide/podiatrists/fl/babcock-ranch/",
    "count": 1
  },
  {
    "name": "Babson Park",
    "slug": "babson-park",
    "href": "/podoguide/podiatrists/fl/babson-park/",
    "count": 2
  },
  {
    "name": "Baker",
    "slug": "baker",
    "href": "/podoguide/podiatrists/fl/baker/",
    "count": 2
  },
  {
    "name": "Bal Harbour",
    "slug": "bal-harbour",
    "href": "/podoguide/podiatrists/fl/bal-harbour/",
    "count": 1
  },
  {
    "name": "Bardenton",
    "slug": "bardenton",
    "href": "/podoguide/podiatrists/fl/bardenton/",
    "count": 1
  },
  {
    "name": "Barefoot Bay",
    "slug": "barefoot-bay",
    "href": "/podoguide/podiatrists/fl/barefoot-bay/",
    "count": 5
  },
  {
    "name": "Bartow",
    "slug": "bartow",
    "href": "/podoguide/podiatrists/fl/bartow/",
    "count": 47
  },
  {
    "name": "Bay Harbor Islands",
    "slug": "bay-harbor-islands",
    "href": "/podoguide/podiatrists/fl/bay-harbor-islands/",
    "count": 7
  },
  {
    "name": "Bay Pines",
    "slug": "bay-pines",
    "href": "/podoguide/podiatrists/fl/bay-pines/",
    "count": 1
  },
  {
    "name": "Bayonet Point",
    "slug": "bayonet-point",
    "href": "/podoguide/podiatrists/fl/bayonet-point/",
    "count": 2
  },
  {
    "name": "Bell",
    "slug": "bell",
    "href": "/podoguide/podiatrists/fl/bell/",
    "count": 1
  },
  {
    "name": "Belle Glade",
    "slug": "belle-glade",
    "href": "/podoguide/podiatrists/fl/belle-glade/",
    "count": 55
  },
  {
    "name": "Belle Isle",
    "slug": "belle-isle",
    "href": "/podoguide/podiatrists/fl/belle-isle/",
    "count": 7
  },
  {
    "name": "Belleair",
    "slug": "belleair",
    "href": "/podoguide/podiatrists/fl/belleair/",
    "count": 14
  },
  {
    "name": "Belleair Bluffs",
    "slug": "belleair-bluffs",
    "href": "/podoguide/podiatrists/fl/belleair-bluffs/",
    "count": 2
  },
  {
    "name": "Belleview",
    "slug": "belleview",
    "href": "/podoguide/podiatrists/fl/belleview/",
    "count": 21
  },
  {
    "name": "Beverly Hills",
    "slug": "beverly-hills",
    "href": "/podoguide/podiatrists/fl/beverly-hills/",
    "count": 25
  },
  {
    "name": "Big Pine Key",
    "slug": "big-pine-key",
    "href": "/podoguide/podiatrists/fl/big-pine-key/",
    "count": 1
  },
  {
    "name": "Biscayne Park",
    "slug": "biscayne-park",
    "href": "/podoguide/podiatrists/fl/biscayne-park/",
    "count": 2
  },
  {
    "name": "Blountstown",
    "slug": "blountstown",
    "href": "/podoguide/podiatrists/fl/blountstown/",
    "count": 4
  },
  {
    "name": "Boaca Raton",
    "slug": "boaca-raton",
    "href": "/podoguide/podiatrists/fl/boaca-raton/",
    "count": 1
  },
  {
    "name": "Boca Grande",
    "slug": "boca-grande",
    "href": "/podoguide/podiatrists/fl/boca-grande/",
    "count": 1
  },
  {
    "name": "Boca Raton",
    "slug": "boca-raton",
    "href": "/podoguide/podiatrists/fl/boca-raton/",
    "count": 889
  },
  {
    "name": "Bokeelia",
    "slug": "bokeelia",
    "href": "/podoguide/podiatrists/fl/bokeelia/",
    "count": 6
  },
  {
    "name": "Bonifay",
    "slug": "bonifay",
    "href": "/podoguide/podiatrists/fl/bonifay/",
    "count": 13
  },
  {
    "name": "Bonita Spgs",
    "slug": "bonita-spgs",
    "href": "/podoguide/podiatrists/fl/bonita-spgs/",
    "count": 2
  },
  {
    "name": "Bonita Spring",
    "slug": "bonita-spring",
    "href": "/podoguide/podiatrists/fl/bonita-spring/",
    "count": 2
  },
  {
    "name": "Bonita Springs",
    "slug": "bonita-springs",
    "href": "/podoguide/podiatrists/fl/bonita-springs/",
    "count": 127
  },
  {
    "name": "Bowden",
    "slug": "bowden",
    "href": "/podoguide/podiatrists/fl/bowden/",
    "count": 1
  },
  {
    "name": "Bowling Green",
    "slug": "bowling-green",
    "href": "/podoguide/podiatrists/fl/bowling-green/",
    "count": 2
  },
  {
    "name": "Boynton Beach",
    "slug": "boynton-beach",
    "href": "/podoguide/podiatrists/fl/boynton-beach/",
    "count": 430
  },
  {
    "name": "Boys Ranch",
    "slug": "boys-ranch",
    "href": "/podoguide/podiatrists/fl/boys-ranch/",
    "count": 1
  },
  {
    "name": "Boyton Beach",
    "slug": "boyton-beach",
    "href": "/podoguide/podiatrists/fl/boyton-beach/",
    "count": 3
  },
  {
    "name": "Bradenton",
    "slug": "bradenton",
    "href": "/podoguide/podiatrists/fl/bradenton/",
    "count": 591
  },
  {
    "name": "Brandon",
    "slug": "brandon",
    "href": "/podoguide/podiatrists/fl/brandon/",
    "count": 635
  },
  {
    "name": "Branford",
    "slug": "branford",
    "href": "/podoguide/podiatrists/fl/branford/",
    "count": 4
  },
  {
    "name": "Bristol",
    "slug": "bristol",
    "href": "/podoguide/podiatrists/fl/bristol/",
    "count": 13
  },
  {
    "name": "Bronson",
    "slug": "bronson",
    "href": "/podoguide/podiatrists/fl/bronson/",
    "count": 5
  },
  {
    "name": "Brooker",
    "slug": "brooker",
    "href": "/podoguide/podiatrists/fl/brooker/",
    "count": 1
  },
  {
    "name": "Brooksville",
    "slug": "brooksville",
    "href": "/podoguide/podiatrists/fl/brooksville/",
    "count": 207
  },
  {
    "name": "Bunnell",
    "slug": "bunnell",
    "href": "/podoguide/podiatrists/fl/bunnell/",
    "count": 14
  },
  {
    "name": "Burnell",
    "slug": "burnell",
    "href": "/podoguide/podiatrists/fl/burnell/",
    "count": 1
  },
  {
    "name": "Bushnell",
    "slug": "bushnell",
    "href": "/podoguide/podiatrists/fl/bushnell/",
    "count": 9
  },
  {
    "name": "Callahan",
    "slug": "callahan",
    "href": "/podoguide/podiatrists/fl/callahan/",
    "count": 23
  },
  {
    "name": "Callaway",
    "slug": "callaway",
    "href": "/podoguide/podiatrists/fl/callaway/",
    "count": 2
  },
  {
    "name": "Cantonment",
    "slug": "cantonment",
    "href": "/podoguide/podiatrists/fl/cantonment/",
    "count": 32
  },
  {
    "name": "Cape Canaveral",
    "slug": "cape-canaveral",
    "href": "/podoguide/podiatrists/fl/cape-canaveral/",
    "count": 1
  },
  {
    "name": "Cape Coral",
    "slug": "cape-coral",
    "href": "/podoguide/podiatrists/fl/cape-coral/",
    "count": 434
  },
  {
    "name": "Cape Coral 33991",
    "slug": "cape-coral-33991",
    "href": "/podoguide/podiatrists/fl/cape-coral-33991/",
    "count": 1
  },
  {
    "name": "Carol City",
    "slug": "carol-city",
    "href": "/podoguide/podiatrists/fl/carol-city/",
    "count": 1
  },
  {
    "name": "Carrabelle",
    "slug": "carrabelle",
    "href": "/podoguide/podiatrists/fl/carrabelle/",
    "count": 5
  },
  {
    "name": "Carrollwood",
    "slug": "carrollwood",
    "href": "/podoguide/podiatrists/fl/carrollwood/",
    "count": 2
  },
  {
    "name": "Casselberry",
    "slug": "casselberry",
    "href": "/podoguide/podiatrists/fl/casselberry/",
    "count": 74
  },
  {
    "name": "Cedar Key",
    "slug": "cedar-key",
    "href": "/podoguide/podiatrists/fl/cedar-key/",
    "count": 1
  },
  {
    "name": "Celebration",
    "slug": "celebration",
    "href": "/podoguide/podiatrists/fl/celebration/",
    "count": 142
  },
  {
    "name": "Century",
    "slug": "century",
    "href": "/podoguide/podiatrists/fl/century/",
    "count": 27
  },
  {
    "name": "Champions Gate",
    "slug": "champions-gate",
    "href": "/podoguide/podiatrists/fl/champions-gate/",
    "count": 14
  },
  {
    "name": "Champions Gt",
    "slug": "champions-gt",
    "href": "/podoguide/podiatrists/fl/champions-gt/",
    "count": 1
  },
  {
    "name": "Championsgate",
    "slug": "championsgate",
    "href": "/podoguide/podiatrists/fl/championsgate/",
    "count": 1
  },
  {
    "name": "Chattahoochee",
    "slug": "chattahoochee",
    "href": "/podoguide/podiatrists/fl/chattahoochee/",
    "count": 10
  },
  {
    "name": "Chiefland",
    "slug": "chiefland",
    "href": "/podoguide/podiatrists/fl/chiefland/",
    "count": 24
  },
  {
    "name": "Chipley",
    "slug": "chipley",
    "href": "/podoguide/podiatrists/fl/chipley/",
    "count": 25
  },
  {
    "name": "Chuluota",
    "slug": "chuluota",
    "href": "/podoguide/podiatrists/fl/chuluota/",
    "count": 3
  },
  {
    "name": "Citra",
    "slug": "citra",
    "href": "/podoguide/podiatrists/fl/citra/",
    "count": 4
  },
  {
    "name": "Citrus Hills",
    "slug": "citrus-hills",
    "href": "/podoguide/podiatrists/fl/citrus-hills/",
    "count": 2
  },
  {
    "name": "Citrus Springs",
    "slug": "citrus-springs",
    "href": "/podoguide/podiatrists/fl/citrus-springs/",
    "count": 4
  },
  {
    "name": "Clarcona",
    "slug": "clarcona",
    "href": "/podoguide/podiatrists/fl/clarcona/",
    "count": 2
  },
  {
    "name": "Clearwater",
    "slug": "clearwater",
    "href": "/podoguide/podiatrists/fl/clearwater/",
    "count": 546
  },
  {
    "name": "Clermont",
    "slug": "clermont",
    "href": "/podoguide/podiatrists/fl/clermont/",
    "count": 320
  },
  {
    "name": "Clewiston",
    "slug": "clewiston",
    "href": "/podoguide/podiatrists/fl/clewiston/",
    "count": 22
  },
  {
    "name": "Cocoa",
    "slug": "cocoa",
    "href": "/podoguide/podiatrists/fl/cocoa/",
    "count": 45
  },
  {
    "name": "Cocoa Beach",
    "slug": "cocoa-beach",
    "href": "/podoguide/podiatrists/fl/cocoa-beach/",
    "count": 86
  },
  {
    "name": "Coconut Creek",
    "slug": "coconut-creek",
    "href": "/podoguide/podiatrists/fl/coconut-creek/",
    "count": 30
  },
  {
    "name": "Coconut Grove",
    "slug": "coconut-grove",
    "href": "/podoguide/podiatrists/fl/coconut-grove/",
    "count": 17
  },
  {
    "name": "Coleman",
    "slug": "coleman",
    "href": "/podoguide/podiatrists/fl/coleman/",
    "count": 1
  },
  {
    "name": "Cooper City",
    "slug": "cooper-city",
    "href": "/podoguide/podiatrists/fl/cooper-city/",
    "count": 17
  },
  {
    "name": "Coral Gables",
    "slug": "coral-gables",
    "href": "/podoguide/podiatrists/fl/coral-gables/",
    "count": 459
  },
  {
    "name": "Coral Springs",
    "slug": "coral-springs",
    "href": "/podoguide/podiatrists/fl/coral-springs/",
    "count": 344
  },
  {
    "name": "Cottondale",
    "slug": "cottondale",
    "href": "/podoguide/podiatrists/fl/cottondale/",
    "count": 1
  },
  {
    "name": "Crawfordvile",
    "slug": "crawfordvile",
    "href": "/podoguide/podiatrists/fl/crawfordvile/",
    "count": 1
  },
  {
    "name": "Crawfordville",
    "slug": "crawfordville",
    "href": "/podoguide/podiatrists/fl/crawfordville/",
    "count": 16
  },
  {
    "name": "Crescent City",
    "slug": "crescent-city",
    "href": "/podoguide/podiatrists/fl/crescent-city/",
    "count": 3
  },
  {
    "name": "Crestview",
    "slug": "crestview",
    "href": "/podoguide/podiatrists/fl/crestview/",
    "count": 159
  },
  {
    "name": "Cross City",
    "slug": "cross-city",
    "href": "/podoguide/podiatrists/fl/cross-city/",
    "count": 10
  },
  {
    "name": "Crystal Beach",
    "slug": "crystal-beach",
    "href": "/podoguide/podiatrists/fl/crystal-beach/",
    "count": 1
  },
  {
    "name": "Crystal River",
    "slug": "crystal-river",
    "href": "/podoguide/podiatrists/fl/crystal-river/",
    "count": 72
  },
  {
    "name": "Cudjoe Key",
    "slug": "cudjoe-key",
    "href": "/podoguide/podiatrists/fl/cudjoe-key/",
    "count": 3
  },
  {
    "name": "Cutler Bay",
    "slug": "cutler-bay",
    "href": "/podoguide/podiatrists/fl/cutler-bay/",
    "count": 117
  },
  {
    "name": "Dade City",
    "slug": "dade-city",
    "href": "/podoguide/podiatrists/fl/dade-city/",
    "count": 33
  },
  {
    "name": "Dania",
    "slug": "dania",
    "href": "/podoguide/podiatrists/fl/dania/",
    "count": 5
  },
  {
    "name": "Dania Beach",
    "slug": "dania-beach",
    "href": "/podoguide/podiatrists/fl/dania-beach/",
    "count": 19
  },
  {
    "name": "Davenport",
    "slug": "davenport",
    "href": "/podoguide/podiatrists/fl/davenport/",
    "count": 202
  },
  {
    "name": "Davie",
    "slug": "davie",
    "href": "/podoguide/podiatrists/fl/davie/",
    "count": 334
  },
  {
    "name": "Daytona Beach",
    "slug": "daytona-beach",
    "href": "/podoguide/podiatrists/fl/daytona-beach/",
    "count": 473
  },
  {
    "name": "Daytona Beach Shores",
    "slug": "daytona-beach-shores",
    "href": "/podoguide/podiatrists/fl/daytona-beach-shores/",
    "count": 2
  },
  {
    "name": "De Leon Springs",
    "slug": "de-leon-springs",
    "href": "/podoguide/podiatrists/fl/de-leon-springs/",
    "count": 1
  },
  {
    "name": "Debary",
    "slug": "debary",
    "href": "/podoguide/podiatrists/fl/debary/",
    "count": 27
  },
  {
    "name": "Deerfield Bch",
    "slug": "deerfield-bch",
    "href": "/podoguide/podiatrists/fl/deerfield-bch/",
    "count": 31
  },
  {
    "name": "Deerfield Beach",
    "slug": "deerfield-beach",
    "href": "/podoguide/podiatrists/fl/deerfield-beach/",
    "count": 531
  },
  {
    "name": "Deerfield Beach Ste 102",
    "slug": "deerfield-beach-ste-102",
    "href": "/podoguide/podiatrists/fl/deerfield-beach-ste-102/",
    "count": 1
  },
  {
    "name": "Defuniak Springs",
    "slug": "defuniak-springs",
    "href": "/podoguide/podiatrists/fl/defuniak-springs/",
    "count": 39
  },
  {
    "name": "Deland",
    "slug": "deland",
    "href": "/podoguide/podiatrists/fl/deland/",
    "count": 89
  },
  {
    "name": "Delray Beach",
    "slug": "delray-beach",
    "href": "/podoguide/podiatrists/fl/delray-beach/",
    "count": 383
  },
  {
    "name": "Deltona",
    "slug": "deltona",
    "href": "/podoguide/podiatrists/fl/deltona/",
    "count": 73
  },
  {
    "name": "Destin",
    "slug": "destin",
    "href": "/podoguide/podiatrists/fl/destin/",
    "count": 10
  },
  {
    "name": "Doral",
    "slug": "doral",
    "href": "/podoguide/podiatrists/fl/doral/",
    "count": 401
  },
  {
    "name": "Dover",
    "slug": "dover",
    "href": "/podoguide/podiatrists/fl/dover/",
    "count": 10
  },
  {
    "name": "Duck Key",
    "slug": "duck-key",
    "href": "/podoguide/podiatrists/fl/duck-key/",
    "count": 1
  },
  {
    "name": "Dundee",
    "slug": "dundee",
    "href": "/podoguide/podiatrists/fl/dundee/",
    "count": 8
  },
  {
    "name": "Dunedin",
    "slug": "dunedin",
    "href": "/podoguide/podiatrists/fl/dunedin/",
    "count": 68
  },
  {
    "name": "Dunnellon",
    "slug": "dunnellon",
    "href": "/podoguide/podiatrists/fl/dunnellon/",
    "count": 28
  },
  {
    "name": "Eagle Lake",
    "slug": "eagle-lake",
    "href": "/podoguide/podiatrists/fl/eagle-lake/",
    "count": 3
  },
  {
    "name": "East Palatka",
    "slug": "east-palatka",
    "href": "/podoguide/podiatrists/fl/east-palatka/",
    "count": 8
  },
  {
    "name": "Eastpoint",
    "slug": "eastpoint",
    "href": "/podoguide/podiatrists/fl/eastpoint/",
    "count": 2
  },
  {
    "name": "Eatonville",
    "slug": "eatonville",
    "href": "/podoguide/podiatrists/fl/eatonville/",
    "count": 1
  },
  {
    "name": "Edgewater",
    "slug": "edgewater",
    "href": "/podoguide/podiatrists/fl/edgewater/",
    "count": 15
  },
  {
    "name": "Edgewood",
    "slug": "edgewood",
    "href": "/podoguide/podiatrists/fl/edgewood/",
    "count": 1
  },
  {
    "name": "Eglin",
    "slug": "eglin",
    "href": "/podoguide/podiatrists/fl/eglin/",
    "count": 1
  },
  {
    "name": "Eglin Afb",
    "slug": "eglin-afb",
    "href": "/podoguide/podiatrists/fl/eglin-afb/",
    "count": 88
  },
  {
    "name": "Eglin Air Force Base",
    "slug": "eglin-air-force-base",
    "href": "/podoguide/podiatrists/fl/eglin-air-force-base/",
    "count": 2
  },
  {
    "name": "El Portal",
    "slug": "el-portal",
    "href": "/podoguide/podiatrists/fl/el-portal/",
    "count": 3
  },
  {
    "name": "Elgin Afb",
    "slug": "elgin-afb",
    "href": "/podoguide/podiatrists/fl/elgin-afb/",
    "count": 1
  },
  {
    "name": "Elkton",
    "slug": "elkton",
    "href": "/podoguide/podiatrists/fl/elkton/",
    "count": 3
  },
  {
    "name": "Ellenton",
    "slug": "ellenton",
    "href": "/podoguide/podiatrists/fl/ellenton/",
    "count": 30
  },
  {
    "name": "Englewood",
    "slug": "englewood",
    "href": "/podoguide/podiatrists/fl/englewood/",
    "count": 75
  },
  {
    "name": "Enterprise",
    "slug": "enterprise",
    "href": "/podoguide/podiatrists/fl/enterprise/",
    "count": 2
  },
  {
    "name": "Estero",
    "slug": "estero",
    "href": "/podoguide/podiatrists/fl/estero/",
    "count": 97
  },
  {
    "name": "Eustis",
    "slug": "eustis",
    "href": "/podoguide/podiatrists/fl/eustis/",
    "count": 35
  },
  {
    "name": "Fellsmere",
    "slug": "fellsmere",
    "href": "/podoguide/podiatrists/fl/fellsmere/",
    "count": 5
  },
  {
    "name": "Fern Park",
    "slug": "fern-park",
    "href": "/podoguide/podiatrists/fl/fern-park/",
    "count": 5
  },
  {
    "name": "Fernandina",
    "slug": "fernandina",
    "href": "/podoguide/podiatrists/fl/fernandina/",
    "count": 1
  },
  {
    "name": "Fernandina Beach",
    "slug": "fernandina-beach",
    "href": "/podoguide/podiatrists/fl/fernandina-beach/",
    "count": 93
  },
  {
    "name": "Flagler Beach",
    "slug": "flagler-beach",
    "href": "/podoguide/podiatrists/fl/flagler-beach/",
    "count": 7
  },
  {
    "name": "Fleming Island",
    "slug": "fleming-island",
    "href": "/podoguide/podiatrists/fl/fleming-island/",
    "count": 206
  },
  {
    "name": "Floral City",
    "slug": "floral-city",
    "href": "/podoguide/podiatrists/fl/floral-city/",
    "count": 2
  },
  {
    "name": "Florida City",
    "slug": "florida-city",
    "href": "/podoguide/podiatrists/fl/florida-city/",
    "count": 13
  },
  {
    "name": "Fort Denaud",
    "slug": "fort-denaud",
    "href": "/podoguide/podiatrists/fl/fort-denaud/",
    "count": 1
  },
  {
    "name": "Fort Lauderdale",
    "slug": "fort-lauderdale",
    "href": "/podoguide/podiatrists/fl/fort-lauderdale/",
    "count": 765
  },
  {
    "name": "Fort Meade",
    "slug": "fort-meade",
    "href": "/podoguide/podiatrists/fl/fort-meade/",
    "count": 1
  },
  {
    "name": "Fort Meyers",
    "slug": "fort-meyers",
    "href": "/podoguide/podiatrists/fl/fort-meyers/",
    "count": 1
  },
  {
    "name": "Fort Myers",
    "slug": "fort-myers",
    "href": "/podoguide/podiatrists/fl/fort-myers/",
    "count": 1584
  },
  {
    "name": "Fort Myers Beach",
    "slug": "fort-myers-beach",
    "href": "/podoguide/podiatrists/fl/fort-myers-beach/",
    "count": 13
  },
  {
    "name": "Fort Pierce",
    "slug": "fort-pierce",
    "href": "/podoguide/podiatrists/fl/fort-pierce/",
    "count": 219
  },
  {
    "name": "Fort Walton Beach",
    "slug": "fort-walton-beach",
    "href": "/podoguide/podiatrists/fl/fort-walton-beach/",
    "count": 231
  },
  {
    "name": "Fort White",
    "slug": "fort-white",
    "href": "/podoguide/podiatrists/fl/fort-white/",
    "count": 2
  },
  {
    "name": "Fortmyers",
    "slug": "fortmyers",
    "href": "/podoguide/podiatrists/fl/fortmyers/",
    "count": 1
  },
  {
    "name": "Fountain",
    "slug": "fountain",
    "href": "/podoguide/podiatrists/fl/fountain/",
    "count": 1
  },
  {
    "name": "Freeport",
    "slug": "freeport",
    "href": "/podoguide/podiatrists/fl/freeport/",
    "count": 13
  },
  {
    "name": "Frostproof",
    "slug": "frostproof",
    "href": "/podoguide/podiatrists/fl/frostproof/",
    "count": 2
  },
  {
    "name": "Fruit Cove",
    "slug": "fruit-cove",
    "href": "/podoguide/podiatrists/fl/fruit-cove/",
    "count": 4
  },
  {
    "name": "Fruitland Park",
    "slug": "fruitland-park",
    "href": "/podoguide/podiatrists/fl/fruitland-park/",
    "count": 1
  },
  {
    "name": "Ft Lauderdale",
    "slug": "ft-lauderdale",
    "href": "/podoguide/podiatrists/fl/ft-lauderdale/",
    "count": 154
  },
  {
    "name": "Ft Myers",
    "slug": "ft-myers",
    "href": "/podoguide/podiatrists/fl/ft-myers/",
    "count": 1
  },
  {
    "name": "Ft Pierce",
    "slug": "ft-pierce",
    "href": "/podoguide/podiatrists/fl/ft-pierce/",
    "count": 1
  },
  {
    "name": "Ft Walton Bch",
    "slug": "ft-walton-bch",
    "href": "/podoguide/podiatrists/fl/ft-walton-bch/",
    "count": 1
  },
  {
    "name": "Ft Walton Beach",
    "slug": "ft-walton-beach",
    "href": "/podoguide/podiatrists/fl/ft-walton-beach/",
    "count": 1
  },
  {
    "name": "Gainesvile",
    "slug": "gainesvile",
    "href": "/podoguide/podiatrists/fl/gainesvile/",
    "count": 1
  },
  {
    "name": "Gainesville",
    "slug": "gainesville",
    "href": "/podoguide/podiatrists/fl/gainesville/",
    "count": 1695
  },
  {
    "name": "Geneva",
    "slug": "geneva",
    "href": "/podoguide/podiatrists/fl/geneva/",
    "count": 2
  },
  {
    "name": "Gibsonton",
    "slug": "gibsonton",
    "href": "/podoguide/podiatrists/fl/gibsonton/",
    "count": 5
  },
  {
    "name": "Glen Saint Mary",
    "slug": "glen-saint-mary",
    "href": "/podoguide/podiatrists/fl/glen-saint-mary/",
    "count": 3
  },
  {
    "name": "Gotha",
    "slug": "gotha",
    "href": "/podoguide/podiatrists/fl/gotha/",
    "count": 1
  },
  {
    "name": "Goulds",
    "slug": "goulds",
    "href": "/podoguide/podiatrists/fl/goulds/",
    "count": 1
  },
  {
    "name": "Graceville",
    "slug": "graceville",
    "href": "/podoguide/podiatrists/fl/graceville/",
    "count": 11
  },
  {
    "name": "Grand Island",
    "slug": "grand-island",
    "href": "/podoguide/podiatrists/fl/grand-island/",
    "count": 2
  },
  {
    "name": "Grand Ridge",
    "slug": "grand-ridge",
    "href": "/podoguide/podiatrists/fl/grand-ridge/",
    "count": 1
  },
  {
    "name": "Green Cove Springs",
    "slug": "green-cove-springs",
    "href": "/podoguide/podiatrists/fl/green-cove-springs/",
    "count": 22
  },
  {
    "name": "Greenacres",
    "slug": "greenacres",
    "href": "/podoguide/podiatrists/fl/greenacres/",
    "count": 32
  },
  {
    "name": "Greenwood",
    "slug": "greenwood",
    "href": "/podoguide/podiatrists/fl/greenwood/",
    "count": 2
  },
  {
    "name": "Groveland",
    "slug": "groveland",
    "href": "/podoguide/podiatrists/fl/groveland/",
    "count": 14
  },
  {
    "name": "Gulf Breeze",
    "slug": "gulf-breeze",
    "href": "/podoguide/podiatrists/fl/gulf-breeze/",
    "count": 129
  },
  {
    "name": "Gulfport",
    "slug": "gulfport",
    "href": "/podoguide/podiatrists/fl/gulfport/",
    "count": 7
  },
  {
    "name": "Haines City",
    "slug": "haines-city",
    "href": "/podoguide/podiatrists/fl/haines-city/",
    "count": 48
  },
  {
    "name": "Hallandale",
    "slug": "hallandale",
    "href": "/podoguide/podiatrists/fl/hallandale/",
    "count": 2
  },
  {
    "name": "Hallandale Beach",
    "slug": "hallandale-beach",
    "href": "/podoguide/podiatrists/fl/hallandale-beach/",
    "count": 102
  },
  {
    "name": "Harmony",
    "slug": "harmony",
    "href": "/podoguide/podiatrists/fl/harmony/",
    "count": 4
  },
  {
    "name": "Hastings",
    "slug": "hastings",
    "href": "/podoguide/podiatrists/fl/hastings/",
    "count": 1
  },
  {
    "name": "Havana",
    "slug": "havana",
    "href": "/podoguide/podiatrists/fl/havana/",
    "count": 10
  },
  {
    "name": "Haverhill",
    "slug": "haverhill",
    "href": "/podoguide/podiatrists/fl/haverhill/",
    "count": 3
  },
  {
    "name": "Hawthorne",
    "slug": "hawthorne",
    "href": "/podoguide/podiatrists/fl/hawthorne/",
    "count": 7
  },
  {
    "name": "Heathrow",
    "slug": "heathrow",
    "href": "/podoguide/podiatrists/fl/heathrow/",
    "count": 7
  },
  {
    "name": "Hernando",
    "slug": "hernando",
    "href": "/podoguide/podiatrists/fl/hernando/",
    "count": 10
  },
  {
    "name": "Hernando Beach",
    "slug": "hernando-beach",
    "href": "/podoguide/podiatrists/fl/hernando-beach/",
    "count": 1
  },
  {
    "name": "Hialeaf",
    "slug": "hialeaf",
    "href": "/podoguide/podiatrists/fl/hialeaf/",
    "count": 1
  },
  {
    "name": "Hialeah",
    "slug": "hialeah",
    "href": "/podoguide/podiatrists/fl/hialeah/",
    "count": 801
  },
  {
    "name": "Hialeah Gardens",
    "slug": "hialeah-gardens",
    "href": "/podoguide/podiatrists/fl/hialeah-gardens/",
    "count": 27
  },
  {
    "name": "High Springs",
    "slug": "high-springs",
    "href": "/podoguide/podiatrists/fl/high-springs/",
    "count": 5
  },
  {
    "name": "Highland Beach",
    "slug": "highland-beach",
    "href": "/podoguide/podiatrists/fl/highland-beach/",
    "count": 1
  },
  {
    "name": "Hilliard",
    "slug": "hilliard",
    "href": "/podoguide/podiatrists/fl/hilliard/",
    "count": 2
  },
  {
    "name": "Hobe Sound",
    "slug": "hobe-sound",
    "href": "/podoguide/podiatrists/fl/hobe-sound/",
    "count": 19
  },
  {
    "name": "Holiday",
    "slug": "holiday",
    "href": "/podoguide/podiatrists/fl/holiday/",
    "count": 28
  },
  {
    "name": "Holly Hill",
    "slug": "holly-hill",
    "href": "/podoguide/podiatrists/fl/holly-hill/",
    "count": 11
  },
  {
    "name": "Hollywood",
    "slug": "hollywood",
    "href": "/podoguide/podiatrists/fl/hollywood/",
    "count": 803
  },
  {
    "name": "Holmes Beach",
    "slug": "holmes-beach",
    "href": "/podoguide/podiatrists/fl/holmes-beach/",
    "count": 2
  },
  {
    "name": "Homestead",
    "slug": "homestead",
    "href": "/podoguide/podiatrists/fl/homestead/",
    "count": 338
  },
  {
    "name": "Homosassa",
    "slug": "homosassa",
    "href": "/podoguide/podiatrists/fl/homosassa/",
    "count": 37
  },
  {
    "name": "Homosassa Springs",
    "slug": "homosassa-springs",
    "href": "/podoguide/podiatrists/fl/homosassa-springs/",
    "count": 1
  },
  {
    "name": "Howey In The Hills",
    "slug": "howey-in-the-hills",
    "href": "/podoguide/podiatrists/fl/howey-in-the-hills/",
    "count": 3
  },
  {
    "name": "Hudson",
    "slug": "hudson",
    "href": "/podoguide/podiatrists/fl/hudson/",
    "count": 148
  },
  {
    "name": "Hulrburt Field",
    "slug": "hulrburt-field",
    "href": "/podoguide/podiatrists/fl/hulrburt-field/",
    "count": 1
  },
  {
    "name": "Hurlburt Field",
    "slug": "hurlburt-field",
    "href": "/podoguide/podiatrists/fl/hurlburt-field/",
    "count": 16
  },
  {
    "name": "Hurlburt Fld",
    "slug": "hurlburt-fld",
    "href": "/podoguide/podiatrists/fl/hurlburt-fld/",
    "count": 1
  },
  {
    "name": "Hutchinson Island",
    "slug": "hutchinson-island",
    "href": "/podoguide/podiatrists/fl/hutchinson-island/",
    "count": 2
  },
  {
    "name": "Hypoluxo",
    "slug": "hypoluxo",
    "href": "/podoguide/podiatrists/fl/hypoluxo/",
    "count": 2
  },
  {
    "name": "Immokalee",
    "slug": "immokalee",
    "href": "/podoguide/podiatrists/fl/immokalee/",
    "count": 32
  },
  {
    "name": "Indialantic",
    "slug": "indialantic",
    "href": "/podoguide/podiatrists/fl/indialantic/",
    "count": 34
  },
  {
    "name": "Indian Harbor Beach",
    "slug": "indian-harbor-beach",
    "href": "/podoguide/podiatrists/fl/indian-harbor-beach/",
    "count": 1
  },
  {
    "name": "Indian Harbour Beach",
    "slug": "indian-harbour-beach",
    "href": "/podoguide/podiatrists/fl/indian-harbour-beach/",
    "count": 1
  },
  {
    "name": "Indian Rocks Beach",
    "slug": "indian-rocks-beach",
    "href": "/podoguide/podiatrists/fl/indian-rocks-beach/",
    "count": 1
  },
  {
    "name": "Indiantown",
    "slug": "indiantown",
    "href": "/podoguide/podiatrists/fl/indiantown/",
    "count": 7
  },
  {
    "name": "Inglis",
    "slug": "inglis",
    "href": "/podoguide/podiatrists/fl/inglis/",
    "count": 1
  },
  {
    "name": "Inlet Beach",
    "slug": "inlet-beach",
    "href": "/podoguide/podiatrists/fl/inlet-beach/",
    "count": 2
  },
  {
    "name": "Intercession City",
    "slug": "intercession-city",
    "href": "/podoguide/podiatrists/fl/intercession-city/",
    "count": 1
  },
  {
    "name": "Interlachen",
    "slug": "interlachen",
    "href": "/podoguide/podiatrists/fl/interlachen/",
    "count": 4
  },
  {
    "name": "Inverness",
    "slug": "inverness",
    "href": "/podoguide/podiatrists/fl/inverness/",
    "count": 129
  },
  {
    "name": "Islamorada",
    "slug": "islamorada",
    "href": "/podoguide/podiatrists/fl/islamorada/",
    "count": 5
  },
  {
    "name": "Jacksonville",
    "slug": "jacksonville",
    "href": "/podoguide/podiatrists/fl/jacksonville/",
    "count": 4155
  },
  {
    "name": "Jacksonville Beach",
    "slug": "jacksonville-beach",
    "href": "/podoguide/podiatrists/fl/jacksonville-beach/",
    "count": 124
  },
  {
    "name": "Jasper",
    "slug": "jasper",
    "href": "/podoguide/podiatrists/fl/jasper/",
    "count": 14
  },
  {
    "name": "Jay",
    "slug": "jay",
    "href": "/podoguide/podiatrists/fl/jay/",
    "count": 32
  },
  {
    "name": "Jennings",
    "slug": "jennings",
    "href": "/podoguide/podiatrists/fl/jennings/",
    "count": 1
  },
  {
    "name": "Jensen Beach",
    "slug": "jensen-beach",
    "href": "/podoguide/podiatrists/fl/jensen-beach/",
    "count": 47
  },
  {
    "name": "Juno Beach",
    "slug": "juno-beach",
    "href": "/podoguide/podiatrists/fl/juno-beach/",
    "count": 7
  },
  {
    "name": "Jupiter",
    "slug": "jupiter",
    "href": "/podoguide/podiatrists/fl/jupiter/",
    "count": 205
  },
  {
    "name": "Kendall",
    "slug": "kendall",
    "href": "/podoguide/podiatrists/fl/kendall/",
    "count": 2
  },
  {
    "name": "Kennedy Space Center",
    "slug": "kennedy-space-center",
    "href": "/podoguide/podiatrists/fl/kennedy-space-center/",
    "count": 2
  },
  {
    "name": "Kenneth City",
    "slug": "kenneth-city",
    "href": "/podoguide/podiatrists/fl/kenneth-city/",
    "count": 6
  },
  {
    "name": "Key Biscayne",
    "slug": "key-biscayne",
    "href": "/podoguide/podiatrists/fl/key-biscayne/",
    "count": 18
  },
  {
    "name": "Key Largo",
    "slug": "key-largo",
    "href": "/podoguide/podiatrists/fl/key-largo/",
    "count": 31
  },
  {
    "name": "Key West",
    "slug": "key-west",
    "href": "/podoguide/podiatrists/fl/key-west/",
    "count": 20
  },
  {
    "name": "Keystone Heights",
    "slug": "keystone-heights",
    "href": "/podoguide/podiatrists/fl/keystone-heights/",
    "count": 4
  },
  {
    "name": "Kindred",
    "slug": "kindred",
    "href": "/podoguide/podiatrists/fl/kindred/",
    "count": 2
  },
  {
    "name": "Kissimmee",
    "slug": "kissimmee",
    "href": "/podoguide/podiatrists/fl/kissimmee/",
    "count": 924
  },
  {
    "name": "Labelle",
    "slug": "labelle",
    "href": "/podoguide/podiatrists/fl/labelle/",
    "count": 2
  },
  {
    "name": "Lady Lake",
    "slug": "lady-lake",
    "href": "/podoguide/podiatrists/fl/lady-lake/",
    "count": 107
  },
  {
    "name": "Lake Alfred",
    "slug": "lake-alfred",
    "href": "/podoguide/podiatrists/fl/lake-alfred/",
    "count": 2
  },
  {
    "name": "Lake Buena Vista",
    "slug": "lake-buena-vista",
    "href": "/podoguide/podiatrists/fl/lake-buena-vista/",
    "count": 4
  },
  {
    "name": "Lake Butler",
    "slug": "lake-butler",
    "href": "/podoguide/podiatrists/fl/lake-butler/",
    "count": 12
  },
  {
    "name": "Lake City",
    "slug": "lake-city",
    "href": "/podoguide/podiatrists/fl/lake-city/",
    "count": 179
  },
  {
    "name": "Lake Clarke Shores",
    "slug": "lake-clarke-shores",
    "href": "/podoguide/podiatrists/fl/lake-clarke-shores/",
    "count": 17
  },
  {
    "name": "Lake Helen",
    "slug": "lake-helen",
    "href": "/podoguide/podiatrists/fl/lake-helen/",
    "count": 2
  },
  {
    "name": "Lake Mary",
    "slug": "lake-mary",
    "href": "/podoguide/podiatrists/fl/lake-mary/",
    "count": 314
  },
  {
    "name": "Lake Panasoffkee",
    "slug": "lake-panasoffkee",
    "href": "/podoguide/podiatrists/fl/lake-panasoffkee/",
    "count": 1
  },
  {
    "name": "Lake Park",
    "slug": "lake-park",
    "href": "/podoguide/podiatrists/fl/lake-park/",
    "count": 16
  },
  {
    "name": "Lake Placid",
    "slug": "lake-placid",
    "href": "/podoguide/podiatrists/fl/lake-placid/",
    "count": 1
  },
  {
    "name": "Lake Suzy",
    "slug": "lake-suzy",
    "href": "/podoguide/podiatrists/fl/lake-suzy/",
    "count": 1
  },
  {
    "name": "Lake Wales",
    "slug": "lake-wales",
    "href": "/podoguide/podiatrists/fl/lake-wales/",
    "count": 71
  },
  {
    "name": "Lake Worth",
    "slug": "lake-worth",
    "href": "/podoguide/podiatrists/fl/lake-worth/",
    "count": 227
  },
  {
    "name": "Lake Worth Beach",
    "slug": "lake-worth-beach",
    "href": "/podoguide/podiatrists/fl/lake-worth-beach/",
    "count": 16
  },
  {
    "name": "Lakeland",
    "slug": "lakeland",
    "href": "/podoguide/podiatrists/fl/lakeland/",
    "count": 822
  },
  {
    "name": "Lakewood Ranch",
    "slug": "lakewood-ranch",
    "href": "/podoguide/podiatrists/fl/lakewood-ranch/",
    "count": 131
  },
  {
    "name": "Lamont",
    "slug": "lamont",
    "href": "/podoguide/podiatrists/fl/lamont/",
    "count": 1
  },
  {
    "name": "Land O Lakes",
    "slug": "land-o-lakes",
    "href": "/podoguide/podiatrists/fl/land-o-lakes/",
    "count": 43
  },
  {
    "name": "Land Olakes",
    "slug": "land-olakes",
    "href": "/podoguide/podiatrists/fl/land-olakes/",
    "count": 5
  },
  {
    "name": "Lantana",
    "slug": "lantana",
    "href": "/podoguide/podiatrists/fl/lantana/",
    "count": 27
  },
  {
    "name": "Largo",
    "slug": "largo",
    "href": "/podoguide/podiatrists/fl/largo/",
    "count": 366
  },
  {
    "name": "Lauderdale By The Sea",
    "slug": "lauderdale-by-the-sea",
    "href": "/podoguide/podiatrists/fl/lauderdale-by-the-sea/",
    "count": 1
  },
  {
    "name": "Lauderdale Lakes",
    "slug": "lauderdale-lakes",
    "href": "/podoguide/podiatrists/fl/lauderdale-lakes/",
    "count": 128
  },
  {
    "name": "Lauderhill",
    "slug": "lauderhill",
    "href": "/podoguide/podiatrists/fl/lauderhill/",
    "count": 64
  },
  {
    "name": "Lecanto",
    "slug": "lecanto",
    "href": "/podoguide/podiatrists/fl/lecanto/",
    "count": 54
  },
  {
    "name": "Lee",
    "slug": "lee",
    "href": "/podoguide/podiatrists/fl/lee/",
    "count": 1
  },
  {
    "name": "Leesburg",
    "slug": "leesburg",
    "href": "/podoguide/podiatrists/fl/leesburg/",
    "count": 263
  },
  {
    "name": "Lehigh Acres",
    "slug": "lehigh-acres",
    "href": "/podoguide/podiatrists/fl/lehigh-acres/",
    "count": 52
  },
  {
    "name": "Lighthouse Point",
    "slug": "lighthouse-point",
    "href": "/podoguide/podiatrists/fl/lighthouse-point/",
    "count": 16
  },
  {
    "name": "Lithia",
    "slug": "lithia",
    "href": "/podoguide/podiatrists/fl/lithia/",
    "count": 21
  },
  {
    "name": "Live Oak",
    "slug": "live-oak",
    "href": "/podoguide/podiatrists/fl/live-oak/",
    "count": 34
  },
  {
    "name": "Longboat Key",
    "slug": "longboat-key",
    "href": "/podoguide/podiatrists/fl/longboat-key/",
    "count": 7
  },
  {
    "name": "Longwood",
    "slug": "longwood",
    "href": "/podoguide/podiatrists/fl/longwood/",
    "count": 97
  },
  {
    "name": "Loxahachee",
    "slug": "loxahachee",
    "href": "/podoguide/podiatrists/fl/loxahachee/",
    "count": 1
  },
  {
    "name": "Loxahatchee",
    "slug": "loxahatchee",
    "href": "/podoguide/podiatrists/fl/loxahatchee/",
    "count": 76
  },
  {
    "name": "Loxahatchee Groves",
    "slug": "loxahatchee-groves",
    "href": "/podoguide/podiatrists/fl/loxahatchee-groves/",
    "count": 4
  },
  {
    "name": "Lutz",
    "slug": "lutz",
    "href": "/podoguide/podiatrists/fl/lutz/",
    "count": 145
  },
  {
    "name": "Lynn Haven",
    "slug": "lynn-haven",
    "href": "/podoguide/podiatrists/fl/lynn-haven/",
    "count": 21
  },
  {
    "name": "Macclenny",
    "slug": "macclenny",
    "href": "/podoguide/podiatrists/fl/macclenny/",
    "count": 20
  },
  {
    "name": "Macdill Afb",
    "slug": "macdill-afb",
    "href": "/podoguide/podiatrists/fl/macdill-afb/",
    "count": 1
  },
  {
    "name": "Macdill Air Force Base",
    "slug": "macdill-air-force-base",
    "href": "/podoguide/podiatrists/fl/macdill-air-force-base/",
    "count": 1
  },
  {
    "name": "Madeira Beach",
    "slug": "madeira-beach",
    "href": "/podoguide/podiatrists/fl/madeira-beach/",
    "count": 2
  },
  {
    "name": "Madison",
    "slug": "madison",
    "href": "/podoguide/podiatrists/fl/madison/",
    "count": 24
  },
  {
    "name": "Maitland",
    "slug": "maitland",
    "href": "/podoguide/podiatrists/fl/maitland/",
    "count": 250
  },
  {
    "name": "Malabar",
    "slug": "malabar",
    "href": "/podoguide/podiatrists/fl/malabar/",
    "count": 21
  },
  {
    "name": "Malone",
    "slug": "malone",
    "href": "/podoguide/podiatrists/fl/malone/",
    "count": 3
  },
  {
    "name": "Mami",
    "slug": "mami",
    "href": "/podoguide/podiatrists/fl/mami/",
    "count": 1
  },
  {
    "name": "Mangonia Park",
    "slug": "mangonia-park",
    "href": "/podoguide/podiatrists/fl/mangonia-park/",
    "count": 22
  },
  {
    "name": "Marathon",
    "slug": "marathon",
    "href": "/podoguide/podiatrists/fl/marathon/",
    "count": 40
  },
  {
    "name": "Marco Island",
    "slug": "marco-island",
    "href": "/podoguide/podiatrists/fl/marco-island/",
    "count": 30
  },
  {
    "name": "Margate",
    "slug": "margate",
    "href": "/podoguide/podiatrists/fl/margate/",
    "count": 116
  },
  {
    "name": "Marianna",
    "slug": "marianna",
    "href": "/podoguide/podiatrists/fl/marianna/",
    "count": 160
  },
  {
    "name": "Mary Esther",
    "slug": "mary-esther",
    "href": "/podoguide/podiatrists/fl/mary-esther/",
    "count": 20
  },
  {
    "name": "Mascotte",
    "slug": "mascotte",
    "href": "/podoguide/podiatrists/fl/mascotte/",
    "count": 4
  },
  {
    "name": "Mayo",
    "slug": "mayo",
    "href": "/podoguide/podiatrists/fl/mayo/",
    "count": 5
  },
  {
    "name": "Mayport",
    "slug": "mayport",
    "href": "/podoguide/podiatrists/fl/mayport/",
    "count": 2
  },
  {
    "name": "Mc Alpin",
    "slug": "mc-alpin",
    "href": "/podoguide/podiatrists/fl/mc-alpin/",
    "count": 1
  },
  {
    "name": "Mc Intosh",
    "slug": "mc-intosh",
    "href": "/podoguide/podiatrists/fl/mc-intosh/",
    "count": 1
  },
  {
    "name": "Mcintosh",
    "slug": "mcintosh",
    "href": "/podoguide/podiatrists/fl/mcintosh/",
    "count": 1
  },
  {
    "name": "Medley",
    "slug": "medley",
    "href": "/podoguide/podiatrists/fl/medley/",
    "count": 10
  },
  {
    "name": "Melbourne",
    "slug": "melbourne",
    "href": "/podoguide/podiatrists/fl/melbourne/",
    "count": 1058
  },
  {
    "name": "Melbourne Beach",
    "slug": "melbourne-beach",
    "href": "/podoguide/podiatrists/fl/melbourne-beach/",
    "count": 5
  },
  {
    "name": "Melbourne Village",
    "slug": "melbourne-village",
    "href": "/podoguide/podiatrists/fl/melbourne-village/",
    "count": 1
  },
  {
    "name": "Melrose",
    "slug": "melrose",
    "href": "/podoguide/podiatrists/fl/melrose/",
    "count": 1
  },
  {
    "name": "Merrit Island",
    "slug": "merrit-island",
    "href": "/podoguide/podiatrists/fl/merrit-island/",
    "count": 1
  },
  {
    "name": "Merritt Island",
    "slug": "merritt-island",
    "href": "/podoguide/podiatrists/fl/merritt-island/",
    "count": 118
  },
  {
    "name": "Miami",
    "slug": "miami",
    "href": "/podoguide/podiatrists/fl/miami/",
    "count": 5022
  },
  {
    "name": "Miami Beach",
    "slug": "miami-beach",
    "href": "/podoguide/podiatrists/fl/miami-beach/",
    "count": 340
  },
  {
    "name": "Miami Gardens",
    "slug": "miami-gardens",
    "href": "/podoguide/podiatrists/fl/miami-gardens/",
    "count": 141
  },
  {
    "name": "Miami Gardesn",
    "slug": "miami-gardesn",
    "href": "/podoguide/podiatrists/fl/miami-gardesn/",
    "count": 1
  },
  {
    "name": "Miami Lakes",
    "slug": "miami-lakes",
    "href": "/podoguide/podiatrists/fl/miami-lakes/",
    "count": 219
  },
  {
    "name": "Miami Shores",
    "slug": "miami-shores",
    "href": "/podoguide/podiatrists/fl/miami-shores/",
    "count": 36
  },
  {
    "name": "Miami Springs",
    "slug": "miami-springs",
    "href": "/podoguide/podiatrists/fl/miami-springs/",
    "count": 38
  },
  {
    "name": "Micanopy",
    "slug": "micanopy",
    "href": "/podoguide/podiatrists/fl/micanopy/",
    "count": 3
  },
  {
    "name": "Micco",
    "slug": "micco",
    "href": "/podoguide/podiatrists/fl/micco/",
    "count": 3
  },
  {
    "name": "Middleburg",
    "slug": "middleburg",
    "href": "/podoguide/podiatrists/fl/middleburg/",
    "count": 15
  },
  {
    "name": "Midway",
    "slug": "midway",
    "href": "/podoguide/podiatrists/fl/midway/",
    "count": 3
  },
  {
    "name": "Milton",
    "slug": "milton",
    "href": "/podoguide/podiatrists/fl/milton/",
    "count": 108
  },
  {
    "name": "Mims",
    "slug": "mims",
    "href": "/podoguide/podiatrists/fl/mims/",
    "count": 2
  },
  {
    "name": "Minneola",
    "slug": "minneola",
    "href": "/podoguide/podiatrists/fl/minneola/",
    "count": 10
  },
  {
    "name": "Miramar",
    "slug": "miramar",
    "href": "/podoguide/podiatrists/fl/miramar/",
    "count": 310
  },
  {
    "name": "Miramar Beach",
    "slug": "miramar-beach",
    "href": "/podoguide/podiatrists/fl/miramar-beach/",
    "count": 48
  },
  {
    "name": "Molino",
    "slug": "molino",
    "href": "/podoguide/podiatrists/fl/molino/",
    "count": 2
  },
  {
    "name": "Monticello",
    "slug": "monticello",
    "href": "/podoguide/podiatrists/fl/monticello/",
    "count": 5
  },
  {
    "name": "Montverde",
    "slug": "montverde",
    "href": "/podoguide/podiatrists/fl/montverde/",
    "count": 2
  },
  {
    "name": "Moore Haven",
    "slug": "moore-haven",
    "href": "/podoguide/podiatrists/fl/moore-haven/",
    "count": 6
  },
  {
    "name": "Mount Dora",
    "slug": "mount-dora",
    "href": "/podoguide/podiatrists/fl/mount-dora/",
    "count": 92
  },
  {
    "name": "Mt Dora",
    "slug": "mt-dora",
    "href": "/podoguide/podiatrists/fl/mt-dora/",
    "count": 1
  },
  {
    "name": "Mulberry",
    "slug": "mulberry",
    "href": "/podoguide/podiatrists/fl/mulberry/",
    "count": 5
  },
  {
    "name": "Myakka City",
    "slug": "myakka-city",
    "href": "/podoguide/podiatrists/fl/myakka-city/",
    "count": 2
  },
  {
    "name": "Myers",
    "slug": "myers",
    "href": "/podoguide/podiatrists/fl/myers/",
    "count": 1
  },
  {
    "name": "N Fort Myers",
    "slug": "n-fort-myers",
    "href": "/podoguide/podiatrists/fl/n-fort-myers/",
    "count": 3
  },
  {
    "name": "N Ft Myers",
    "slug": "n-ft-myers",
    "href": "/podoguide/podiatrists/fl/n-ft-myers/",
    "count": 3
  },
  {
    "name": "N Lauderdale",
    "slug": "n-lauderdale",
    "href": "/podoguide/podiatrists/fl/n-lauderdale/",
    "count": 1
  },
  {
    "name": "N Miami Beach",
    "slug": "n-miami-beach",
    "href": "/podoguide/podiatrists/fl/n-miami-beach/",
    "count": 4
  },
  {
    "name": "N Palm Beach",
    "slug": "n-palm-beach",
    "href": "/podoguide/podiatrists/fl/n-palm-beach/",
    "count": 1
  },
  {
    "name": "Naples",
    "slug": "naples",
    "href": "/podoguide/podiatrists/fl/naples/",
    "count": 906
  },
  {
    "name": "Naranja",
    "slug": "naranja",
    "href": "/podoguide/podiatrists/fl/naranja/",
    "count": 6
  },
  {
    "name": "Navarre",
    "slug": "navarre",
    "href": "/podoguide/podiatrists/fl/navarre/",
    "count": 76
  },
  {
    "name": "Neptune Beach",
    "slug": "neptune-beach",
    "href": "/podoguide/podiatrists/fl/neptune-beach/",
    "count": 22
  },
  {
    "name": "New Port Richey",
    "slug": "new-port-richey",
    "href": "/podoguide/podiatrists/fl/new-port-richey/",
    "count": 301
  },
  {
    "name": "New Port Ritchey",
    "slug": "new-port-ritchey",
    "href": "/podoguide/podiatrists/fl/new-port-ritchey/",
    "count": 1
  },
  {
    "name": "New Portrichey",
    "slug": "new-portrichey",
    "href": "/podoguide/podiatrists/fl/new-portrichey/",
    "count": 1
  },
  {
    "name": "New Prt Rchy",
    "slug": "new-prt-rchy",
    "href": "/podoguide/podiatrists/fl/new-prt-rchy/",
    "count": 1
  },
  {
    "name": "New Smyrna",
    "slug": "new-smyrna",
    "href": "/podoguide/podiatrists/fl/new-smyrna/",
    "count": 6
  },
  {
    "name": "New Smyrna Beach",
    "slug": "new-smyrna-beach",
    "href": "/podoguide/podiatrists/fl/new-smyrna-beach/",
    "count": 84
  },
  {
    "name": "Newberry",
    "slug": "newberry",
    "href": "/podoguide/podiatrists/fl/newberry/",
    "count": 12
  },
  {
    "name": "Niceville",
    "slug": "niceville",
    "href": "/podoguide/podiatrists/fl/niceville/",
    "count": 93
  },
  {
    "name": "Nokomis",
    "slug": "nokomis",
    "href": "/podoguide/podiatrists/fl/nokomis/",
    "count": 11
  },
  {
    "name": "North Bay Village",
    "slug": "north-bay-village",
    "href": "/podoguide/podiatrists/fl/north-bay-village/",
    "count": 13
  },
  {
    "name": "North Fort Myers",
    "slug": "north-fort-myers",
    "href": "/podoguide/podiatrists/fl/north-fort-myers/",
    "count": 56
  },
  {
    "name": "North Lauderdale",
    "slug": "north-lauderdale",
    "href": "/podoguide/podiatrists/fl/north-lauderdale/",
    "count": 30
  },
  {
    "name": "North Miami",
    "slug": "north-miami",
    "href": "/podoguide/podiatrists/fl/north-miami/",
    "count": 198
  },
  {
    "name": "North Miami Beach",
    "slug": "north-miami-beach",
    "href": "/podoguide/podiatrists/fl/north-miami-beach/",
    "count": 104
  },
  {
    "name": "North Palm Beach",
    "slug": "north-palm-beach",
    "href": "/podoguide/podiatrists/fl/north-palm-beach/",
    "count": 62
  },
  {
    "name": "North Port",
    "slug": "north-port",
    "href": "/podoguide/podiatrists/fl/north-port/",
    "count": 114
  },
  {
    "name": "North Venice",
    "slug": "north-venice",
    "href": "/podoguide/podiatrists/fl/north-venice/",
    "count": 84
  },
  {
    "name": "Oakland",
    "slug": "oakland",
    "href": "/podoguide/podiatrists/fl/oakland/",
    "count": 9
  },
  {
    "name": "Oakland Park",
    "slug": "oakland-park",
    "href": "/podoguide/podiatrists/fl/oakland-park/",
    "count": 122
  },
  {
    "name": "Ocala",
    "slug": "ocala",
    "href": "/podoguide/podiatrists/fl/ocala/",
    "count": 661
  },
  {
    "name": "Ocklawaha",
    "slug": "ocklawaha",
    "href": "/podoguide/podiatrists/fl/ocklawaha/",
    "count": 1
  },
  {
    "name": "Ocoec",
    "slug": "ocoec",
    "href": "/podoguide/podiatrists/fl/ocoec/",
    "count": 1
  },
  {
    "name": "Ocoee",
    "slug": "ocoee",
    "href": "/podoguide/podiatrists/fl/ocoee/",
    "count": 138
  },
  {
    "name": "Odessa",
    "slug": "odessa",
    "href": "/podoguide/podiatrists/fl/odessa/",
    "count": 2
  },
  {
    "name": "Okeechobee",
    "slug": "okeechobee",
    "href": "/podoguide/podiatrists/fl/okeechobee/",
    "count": 54
  },
  {
    "name": "Okeeckbee",
    "slug": "okeeckbee",
    "href": "/podoguide/podiatrists/fl/okeeckbee/",
    "count": 1
  },
  {
    "name": "Old Town",
    "slug": "old-town",
    "href": "/podoguide/podiatrists/fl/old-town/",
    "count": 7
  },
  {
    "name": "Oldsmar",
    "slug": "oldsmar",
    "href": "/podoguide/podiatrists/fl/oldsmar/",
    "count": 31
  },
  {
    "name": "Opa Locka",
    "slug": "opa-locka",
    "href": "/podoguide/podiatrists/fl/opa-locka/",
    "count": 13
  },
  {
    "name": "Orange City",
    "slug": "orange-city",
    "href": "/podoguide/podiatrists/fl/orange-city/",
    "count": 129
  },
  {
    "name": "Orange Park",
    "slug": "orange-park",
    "href": "/podoguide/podiatrists/fl/orange-park/",
    "count": 381
  },
  {
    "name": "Orland",
    "slug": "orland",
    "href": "/podoguide/podiatrists/fl/orland/",
    "count": 1
  },
  {
    "name": "Orlando",
    "slug": "orlando",
    "href": "/podoguide/podiatrists/fl/orlando/",
    "count": 4216
  },
  {
    "name": "Ormond Beach",
    "slug": "ormond-beach",
    "href": "/podoguide/podiatrists/fl/ormond-beach/",
    "count": 139
  },
  {
    "name": "Osprey",
    "slug": "osprey",
    "href": "/podoguide/podiatrists/fl/osprey/",
    "count": 11
  },
  {
    "name": "Osteen",
    "slug": "osteen",
    "href": "/podoguide/podiatrists/fl/osteen/",
    "count": 2
  },
  {
    "name": "Oveido",
    "slug": "oveido",
    "href": "/podoguide/podiatrists/fl/oveido/",
    "count": 1
  },
  {
    "name": "Oviedo",
    "slug": "oviedo",
    "href": "/podoguide/podiatrists/fl/oviedo/",
    "count": 258
  },
  {
    "name": "Oxford",
    "slug": "oxford",
    "href": "/podoguide/podiatrists/fl/oxford/",
    "count": 9
  },
  {
    "name": "Pace",
    "slug": "pace",
    "href": "/podoguide/podiatrists/fl/pace/",
    "count": 65
  },
  {
    "name": "Pahokee",
    "slug": "pahokee",
    "href": "/podoguide/podiatrists/fl/pahokee/",
    "count": 3
  },
  {
    "name": "Palatka",
    "slug": "palatka",
    "href": "/podoguide/podiatrists/fl/palatka/",
    "count": 61
  },
  {
    "name": "Palm Bay",
    "slug": "palm-bay",
    "href": "/podoguide/podiatrists/fl/palm-bay/",
    "count": 210
  },
  {
    "name": "Palm Bch Gdns",
    "slug": "palm-bch-gdns",
    "href": "/podoguide/podiatrists/fl/palm-bch-gdns/",
    "count": 1
  },
  {
    "name": "Palm Beach",
    "slug": "palm-beach",
    "href": "/podoguide/podiatrists/fl/palm-beach/",
    "count": 9
  },
  {
    "name": "Palm Beach Gardend",
    "slug": "palm-beach-gardend",
    "href": "/podoguide/podiatrists/fl/palm-beach-gardend/",
    "count": 1
  },
  {
    "name": "Palm Beach Gardens",
    "slug": "palm-beach-gardens",
    "href": "/podoguide/podiatrists/fl/palm-beach-gardens/",
    "count": 351
  },
  {
    "name": "Palm City",
    "slug": "palm-city",
    "href": "/podoguide/podiatrists/fl/palm-city/",
    "count": 59
  },
  {
    "name": "Palm Coast",
    "slug": "palm-coast",
    "href": "/podoguide/podiatrists/fl/palm-coast/",
    "count": 211
  },
  {
    "name": "Palm Harbor",
    "slug": "palm-harbor",
    "href": "/podoguide/podiatrists/fl/palm-harbor/",
    "count": 189
  },
  {
    "name": "Palm Springs",
    "slug": "palm-springs",
    "href": "/podoguide/podiatrists/fl/palm-springs/",
    "count": 100
  },
  {
    "name": "Palmetto",
    "slug": "palmetto",
    "href": "/podoguide/podiatrists/fl/palmetto/",
    "count": 65
  },
  {
    "name": "Palmetto Bay",
    "slug": "palmetto-bay",
    "href": "/podoguide/podiatrists/fl/palmetto-bay/",
    "count": 45
  },
  {
    "name": "Panacea",
    "slug": "panacea",
    "href": "/podoguide/podiatrists/fl/panacea/",
    "count": 5
  },
  {
    "name": "Panam City",
    "slug": "panam-city",
    "href": "/podoguide/podiatrists/fl/panam-city/",
    "count": 1
  },
  {
    "name": "Panama City",
    "slug": "panama-city",
    "href": "/podoguide/podiatrists/fl/panama-city/",
    "count": 280
  },
  {
    "name": "Panama City Beach",
    "slug": "panama-city-beach",
    "href": "/podoguide/podiatrists/fl/panama-city-beach/",
    "count": 6
  },
  {
    "name": "Parkland",
    "slug": "parkland",
    "href": "/podoguide/podiatrists/fl/parkland/",
    "count": 36
  },
  {
    "name": "Parrish",
    "slug": "parrish",
    "href": "/podoguide/podiatrists/fl/parrish/",
    "count": 51
  },
  {
    "name": "Patrick Afb",
    "slug": "patrick-afb",
    "href": "/podoguide/podiatrists/fl/patrick-afb/",
    "count": 9
  },
  {
    "name": "Patrick Air Force Base",
    "slug": "patrick-air-force-base",
    "href": "/podoguide/podiatrists/fl/patrick-air-force-base/",
    "count": 3
  },
  {
    "name": "Pearland",
    "slug": "pearland",
    "href": "/podoguide/podiatrists/fl/pearland/",
    "count": 1
  },
  {
    "name": "Pembroke Pines",
    "slug": "pembroke-pines",
    "href": "/podoguide/podiatrists/fl/pembroke-pines/",
    "count": 693
  },
  {
    "name": "Pembroke Pnes",
    "slug": "pembroke-pnes",
    "href": "/podoguide/podiatrists/fl/pembroke-pnes/",
    "count": 2
  },
  {
    "name": "Penney Farms",
    "slug": "penney-farms",
    "href": "/podoguide/podiatrists/fl/penney-farms/",
    "count": 5
  },
  {
    "name": "Pensacaola",
    "slug": "pensacaola",
    "href": "/podoguide/podiatrists/fl/pensacaola/",
    "count": 1
  },
  {
    "name": "Pensacola",
    "slug": "pensacola",
    "href": "/podoguide/podiatrists/fl/pensacola/",
    "count": 934
  },
  {
    "name": "Pensacola Beach",
    "slug": "pensacola-beach",
    "href": "/podoguide/podiatrists/fl/pensacola-beach/",
    "count": 1
  },
  {
    "name": "Perry",
    "slug": "perry",
    "href": "/podoguide/podiatrists/fl/perry/",
    "count": 34
  },
  {
    "name": "Petersburg",
    "slug": "petersburg",
    "href": "/podoguide/podiatrists/fl/petersburg/",
    "count": 1
  },
  {
    "name": "Pierson",
    "slug": "pierson",
    "href": "/podoguide/podiatrists/fl/pierson/",
    "count": 1
  },
  {
    "name": "Pinecrest",
    "slug": "pinecrest",
    "href": "/podoguide/podiatrists/fl/pinecrest/",
    "count": 33
  },
  {
    "name": "Pinellas Park",
    "slug": "pinellas-park",
    "href": "/podoguide/podiatrists/fl/pinellas-park/",
    "count": 73
  },
  {
    "name": "Pinetta",
    "slug": "pinetta",
    "href": "/podoguide/podiatrists/fl/pinetta/",
    "count": 1
  },
  {
    "name": "Placida",
    "slug": "placida",
    "href": "/podoguide/podiatrists/fl/placida/",
    "count": 1
  },
  {
    "name": "Plant City",
    "slug": "plant-city",
    "href": "/podoguide/podiatrists/fl/plant-city/",
    "count": 52
  },
  {
    "name": "Plantation",
    "slug": "plantation",
    "href": "/podoguide/podiatrists/fl/plantation/",
    "count": 390
  },
  {
    "name": "Poinciana",
    "slug": "poinciana",
    "href": "/podoguide/podiatrists/fl/poinciana/",
    "count": 3
  },
  {
    "name": "Polk City",
    "slug": "polk-city",
    "href": "/podoguide/podiatrists/fl/polk-city/",
    "count": 3
  },
  {
    "name": "Pompano",
    "slug": "pompano",
    "href": "/podoguide/podiatrists/fl/pompano/",
    "count": 1
  },
  {
    "name": "Pompano Beach",
    "slug": "pompano-beach",
    "href": "/podoguide/podiatrists/fl/pompano-beach/",
    "count": 222
  },
  {
    "name": "Ponce De Leon",
    "slug": "ponce-de-leon",
    "href": "/podoguide/podiatrists/fl/ponce-de-leon/",
    "count": 3
  },
  {
    "name": "Ponce Inlet",
    "slug": "ponce-inlet",
    "href": "/podoguide/podiatrists/fl/ponce-inlet/",
    "count": 1
  },
  {
    "name": "Ponte Vedra",
    "slug": "ponte-vedra",
    "href": "/podoguide/podiatrists/fl/ponte-vedra/",
    "count": 73
  },
  {
    "name": "Ponte Vedra Beach",
    "slug": "ponte-vedra-beach",
    "href": "/podoguide/podiatrists/fl/ponte-vedra-beach/",
    "count": 161
  },
  {
    "name": "Port Charlotte",
    "slug": "port-charlotte",
    "href": "/podoguide/podiatrists/fl/port-charlotte/",
    "count": 233
  },
  {
    "name": "Port Orange",
    "slug": "port-orange",
    "href": "/podoguide/podiatrists/fl/port-orange/",
    "count": 225
  },
  {
    "name": "Port Richey",
    "slug": "port-richey",
    "href": "/podoguide/podiatrists/fl/port-richey/",
    "count": 60
  },
  {
    "name": "Port Saint Joe",
    "slug": "port-saint-joe",
    "href": "/podoguide/podiatrists/fl/port-saint-joe/",
    "count": 1
  },
  {
    "name": "Port Saint John",
    "slug": "port-saint-john",
    "href": "/podoguide/podiatrists/fl/port-saint-john/",
    "count": 1
  },
  {
    "name": "Port Saint Lucie",
    "slug": "port-saint-lucie",
    "href": "/podoguide/podiatrists/fl/port-saint-lucie/",
    "count": 186
  },
  {
    "name": "Port St Joe",
    "slug": "port-st-joe",
    "href": "/podoguide/podiatrists/fl/port-st-joe/",
    "count": 12
  },
  {
    "name": "Port St John",
    "slug": "port-st-john",
    "href": "/podoguide/podiatrists/fl/port-st-john/",
    "count": 7
  },
  {
    "name": "Port St Lucie",
    "slug": "port-st-lucie",
    "href": "/podoguide/podiatrists/fl/port-st-lucie/",
    "count": 291
  },
  {
    "name": "Port St Lucy",
    "slug": "port-st-lucy",
    "href": "/podoguide/podiatrists/fl/port-st-lucy/",
    "count": 1
  },
  {
    "name": "Princeton",
    "slug": "princeton",
    "href": "/podoguide/podiatrists/fl/princeton/",
    "count": 2
  },
  {
    "name": "Pt Charlotte",
    "slug": "pt-charlotte",
    "href": "/podoguide/podiatrists/fl/pt-charlotte/",
    "count": 1
  },
  {
    "name": "Pt Orange",
    "slug": "pt-orange",
    "href": "/podoguide/podiatrists/fl/pt-orange/",
    "count": 1
  },
  {
    "name": "Punta Gorda",
    "slug": "punta-gorda",
    "href": "/podoguide/podiatrists/fl/punta-gorda/",
    "count": 71
  },
  {
    "name": "Quincy",
    "slug": "quincy",
    "href": "/podoguide/podiatrists/fl/quincy/",
    "count": 32
  },
  {
    "name": "Raiford",
    "slug": "raiford",
    "href": "/podoguide/podiatrists/fl/raiford/",
    "count": 1
  },
  {
    "name": "Reddick",
    "slug": "reddick",
    "href": "/podoguide/podiatrists/fl/reddick/",
    "count": 5
  },
  {
    "name": "Redington Shores",
    "slug": "redington-shores",
    "href": "/podoguide/podiatrists/fl/redington-shores/",
    "count": 2
  },
  {
    "name": "Riverview",
    "slug": "riverview",
    "href": "/podoguide/podiatrists/fl/riverview/",
    "count": 320
  },
  {
    "name": "Riviera Beach",
    "slug": "riviera-beach",
    "href": "/podoguide/podiatrists/fl/riviera-beach/",
    "count": 52
  },
  {
    "name": "Rockledge",
    "slug": "rockledge",
    "href": "/podoguide/podiatrists/fl/rockledge/",
    "count": 152
  },
  {
    "name": "Rosemary Beach",
    "slug": "rosemary-beach",
    "href": "/podoguide/podiatrists/fl/rosemary-beach/",
    "count": 1
  },
  {
    "name": "Rotonda West",
    "slug": "rotonda-west",
    "href": "/podoguide/podiatrists/fl/rotonda-west/",
    "count": 2
  },
  {
    "name": "Royal Palm Beach",
    "slug": "royal-palm-beach",
    "href": "/podoguide/podiatrists/fl/royal-palm-beach/",
    "count": 77
  },
  {
    "name": "Ruskin",
    "slug": "ruskin",
    "href": "/podoguide/podiatrists/fl/ruskin/",
    "count": 44
  },
  {
    "name": "S Pasadena",
    "slug": "s-pasadena",
    "href": "/podoguide/podiatrists/fl/s-pasadena/",
    "count": 1
  },
  {
    "name": "Safety Harbor",
    "slug": "safety-harbor",
    "href": "/podoguide/podiatrists/fl/safety-harbor/",
    "count": 53
  },
  {
    "name": "Saint Augustine",
    "slug": "saint-augustine",
    "href": "/podoguide/podiatrists/fl/saint-augustine/",
    "count": 104
  },
  {
    "name": "Saint Cloud",
    "slug": "saint-cloud",
    "href": "/podoguide/podiatrists/fl/saint-cloud/",
    "count": 84
  },
  {
    "name": "Saint Johns",
    "slug": "saint-johns",
    "href": "/podoguide/podiatrists/fl/saint-johns/",
    "count": 66
  },
  {
    "name": "Saint Petersburg",
    "slug": "saint-petersburg",
    "href": "/podoguide/podiatrists/fl/saint-petersburg/",
    "count": 156
  },
  {
    "name": "Salt Springs",
    "slug": "salt-springs",
    "href": "/podoguide/podiatrists/fl/salt-springs/",
    "count": 1
  },
  {
    "name": "San Antonio",
    "slug": "san-antonio",
    "href": "/podoguide/podiatrists/fl/san-antonio/",
    "count": 10
  },
  {
    "name": "San Mateo",
    "slug": "san-mateo",
    "href": "/podoguide/podiatrists/fl/san-mateo/",
    "count": 1
  },
  {
    "name": "Sanford",
    "slug": "sanford",
    "href": "/podoguide/podiatrists/fl/sanford/",
    "count": 93
  },
  {
    "name": "Sanibel",
    "slug": "sanibel",
    "href": "/podoguide/podiatrists/fl/sanibel/",
    "count": 5
  },
  {
    "name": "Santa Rosa Beach",
    "slug": "santa-rosa-beach",
    "href": "/podoguide/podiatrists/fl/santa-rosa-beach/",
    "count": 1
  },
  {
    "name": "Sarasota",
    "slug": "sarasota",
    "href": "/podoguide/podiatrists/fl/sarasota/",
    "count": 809
  },
  {
    "name": "Satellite Beach",
    "slug": "satellite-beach",
    "href": "/podoguide/podiatrists/fl/satellite-beach/",
    "count": 9
  },
  {
    "name": "Satsuma",
    "slug": "satsuma",
    "href": "/podoguide/podiatrists/fl/satsuma/",
    "count": 2
  },
  {
    "name": "Sea Ranch Lakes",
    "slug": "sea-ranch-lakes",
    "href": "/podoguide/podiatrists/fl/sea-ranch-lakes/",
    "count": 1
  },
  {
    "name": "Sebastian",
    "slug": "sebastian",
    "href": "/podoguide/podiatrists/fl/sebastian/",
    "count": 106
  },
  {
    "name": "Sebring",
    "slug": "sebring",
    "href": "/podoguide/podiatrists/fl/sebring/",
    "count": 162
  },
  {
    "name": "Seffner",
    "slug": "seffner",
    "href": "/podoguide/podiatrists/fl/seffner/",
    "count": 12
  },
  {
    "name": "Seminole",
    "slug": "seminole",
    "href": "/podoguide/podiatrists/fl/seminole/",
    "count": 90
  },
  {
    "name": "Shalimar",
    "slug": "shalimar",
    "href": "/podoguide/podiatrists/fl/shalimar/",
    "count": 12
  },
  {
    "name": "Siesta Key",
    "slug": "siesta-key",
    "href": "/podoguide/podiatrists/fl/siesta-key/",
    "count": 1
  },
  {
    "name": "Silver Springs",
    "slug": "silver-springs",
    "href": "/podoguide/podiatrists/fl/silver-springs/",
    "count": 9
  },
  {
    "name": "Sorrento",
    "slug": "sorrento",
    "href": "/podoguide/podiatrists/fl/sorrento/",
    "count": 4
  },
  {
    "name": "South Bay",
    "slug": "south-bay",
    "href": "/podoguide/podiatrists/fl/south-bay/",
    "count": 2
  },
  {
    "name": "South Daytona",
    "slug": "south-daytona",
    "href": "/podoguide/podiatrists/fl/south-daytona/",
    "count": 18
  },
  {
    "name": "South Miami",
    "slug": "south-miami",
    "href": "/podoguide/podiatrists/fl/south-miami/",
    "count": 323
  },
  {
    "name": "South Miami Florida",
    "slug": "south-miami-florida",
    "href": "/podoguide/podiatrists/fl/south-miami-florida/",
    "count": 1
  },
  {
    "name": "South Pasadena",
    "slug": "south-pasadena",
    "href": "/podoguide/podiatrists/fl/south-pasadena/",
    "count": 32
  },
  {
    "name": "South Sebring",
    "slug": "south-sebring",
    "href": "/podoguide/podiatrists/fl/south-sebring/",
    "count": 2
  },
  {
    "name": "Southport",
    "slug": "southport",
    "href": "/podoguide/podiatrists/fl/southport/",
    "count": 1
  },
  {
    "name": "Southwest Ranches",
    "slug": "southwest-ranches",
    "href": "/podoguide/podiatrists/fl/southwest-ranches/",
    "count": 6
  },
  {
    "name": "Spring Hill",
    "slug": "spring-hill",
    "href": "/podoguide/podiatrists/fl/spring-hill/",
    "count": 205
  },
  {
    "name": "Springhill",
    "slug": "springhill",
    "href": "/podoguide/podiatrists/fl/springhill/",
    "count": 1
  },
  {
    "name": "St Augusine",
    "slug": "st-augusine",
    "href": "/podoguide/podiatrists/fl/st-augusine/",
    "count": 1
  },
  {
    "name": "St Augustine",
    "slug": "st-augustine",
    "href": "/podoguide/podiatrists/fl/st-augustine/",
    "count": 477
  },
  {
    "name": "St Augustine Beach",
    "slug": "st-augustine-beach",
    "href": "/podoguide/podiatrists/fl/st-augustine-beach/",
    "count": 1
  },
  {
    "name": "St Cloud",
    "slug": "st-cloud",
    "href": "/podoguide/podiatrists/fl/st-cloud/",
    "count": 3
  },
  {
    "name": "St James City",
    "slug": "st-james-city",
    "href": "/podoguide/podiatrists/fl/st-james-city/",
    "count": 2
  },
  {
    "name": "St Johns",
    "slug": "st-johns",
    "href": "/podoguide/podiatrists/fl/st-johns/",
    "count": 78
  },
  {
    "name": "St Lucie West",
    "slug": "st-lucie-west",
    "href": "/podoguide/podiatrists/fl/st-lucie-west/",
    "count": 1
  },
  {
    "name": "St Pete",
    "slug": "st-pete",
    "href": "/podoguide/podiatrists/fl/st-pete/",
    "count": 1
  },
  {
    "name": "St Pete Beach",
    "slug": "st-pete-beach",
    "href": "/podoguide/podiatrists/fl/st-pete-beach/",
    "count": 19
  },
  {
    "name": "St Petersburg",
    "slug": "st-petersburg",
    "href": "/podoguide/podiatrists/fl/st-petersburg/",
    "count": 943
  },
  {
    "name": "St Petersburgh",
    "slug": "st-petersburgh",
    "href": "/podoguide/podiatrists/fl/st-petersburgh/",
    "count": 2
  },
  {
    "name": "Starke",
    "slug": "starke",
    "href": "/podoguide/podiatrists/fl/starke/",
    "count": 34
  },
  {
    "name": "Stpetersburg",
    "slug": "stpetersburg",
    "href": "/podoguide/podiatrists/fl/stpetersburg/",
    "count": 1
  },
  {
    "name": "Stuart",
    "slug": "stuart",
    "href": "/podoguide/podiatrists/fl/stuart/",
    "count": 561
  },
  {
    "name": "Sugarloaf Key",
    "slug": "sugarloaf-key",
    "href": "/podoguide/podiatrists/fl/sugarloaf-key/",
    "count": 1
  },
  {
    "name": "Summerfield",
    "slug": "summerfield",
    "href": "/podoguide/podiatrists/fl/summerfield/",
    "count": 30
  },
  {
    "name": "Summerland Key",
    "slug": "summerland-key",
    "href": "/podoguide/podiatrists/fl/summerland-key/",
    "count": 1
  },
  {
    "name": "Sumterville",
    "slug": "sumterville",
    "href": "/podoguide/podiatrists/fl/sumterville/",
    "count": 9
  },
  {
    "name": "Sun City Center",
    "slug": "sun-city-center",
    "href": "/podoguide/podiatrists/fl/sun-city-center/",
    "count": 139
  },
  {
    "name": "Sunny Isles Beach",
    "slug": "sunny-isles-beach",
    "href": "/podoguide/podiatrists/fl/sunny-isles-beach/",
    "count": 20
  },
  {
    "name": "Sunrise",
    "slug": "sunrise",
    "href": "/podoguide/podiatrists/fl/sunrise/",
    "count": 261
  },
  {
    "name": "Surfside",
    "slug": "surfside",
    "href": "/podoguide/podiatrists/fl/surfside/",
    "count": 4
  },
  {
    "name": "Sweetwater",
    "slug": "sweetwater",
    "href": "/podoguide/podiatrists/fl/sweetwater/",
    "count": 1
  },
  {
    "name": "Sydney",
    "slug": "sydney",
    "href": "/podoguide/podiatrists/fl/sydney/",
    "count": 1
  },
  {
    "name": "Tallahassee",
    "slug": "tallahassee",
    "href": "/podoguide/podiatrists/fl/tallahassee/",
    "count": 804
  },
  {
    "name": "Tamarac",
    "slug": "tamarac",
    "href": "/podoguide/podiatrists/fl/tamarac/",
    "count": 178
  },
  {
    "name": "Tamp",
    "slug": "tamp",
    "href": "/podoguide/podiatrists/fl/tamp/",
    "count": 1
  },
  {
    "name": "Tampa",
    "slug": "tampa",
    "href": "/podoguide/podiatrists/fl/tampa/",
    "count": 3695
  },
  {
    "name": "Tampa Fl",
    "slug": "tampa-fl",
    "href": "/podoguide/podiatrists/fl/tampa-fl/",
    "count": 1
  },
  {
    "name": "Tarpon Springs",
    "slug": "tarpon-springs",
    "href": "/podoguide/podiatrists/fl/tarpon-springs/",
    "count": 58
  },
  {
    "name": "Tavares",
    "slug": "tavares",
    "href": "/podoguide/podiatrists/fl/tavares/",
    "count": 127
  },
  {
    "name": "Tavernier",
    "slug": "tavernier",
    "href": "/podoguide/podiatrists/fl/tavernier/",
    "count": 22
  },
  {
    "name": "Temple Terrace",
    "slug": "temple-terrace",
    "href": "/podoguide/podiatrists/fl/temple-terrace/",
    "count": 226
  },
  {
    "name": "Tequesta",
    "slug": "tequesta",
    "href": "/podoguide/podiatrists/fl/tequesta/",
    "count": 12
  },
  {
    "name": "The Villages",
    "slug": "the-villages",
    "href": "/podoguide/podiatrists/fl/the-villages/",
    "count": 329
  },
  {
    "name": "Thonotosassa",
    "slug": "thonotosassa",
    "href": "/podoguide/podiatrists/fl/thonotosassa/",
    "count": 2
  },
  {
    "name": "Tierra Verde",
    "slug": "tierra-verde",
    "href": "/podoguide/podiatrists/fl/tierra-verde/",
    "count": 3
  },
  {
    "name": "Titusville",
    "slug": "titusville",
    "href": "/podoguide/podiatrists/fl/titusville/",
    "count": 133
  },
  {
    "name": "Treasure Island",
    "slug": "treasure-island",
    "href": "/podoguide/podiatrists/fl/treasure-island/",
    "count": 4
  },
  {
    "name": "Trenton",
    "slug": "trenton",
    "href": "/podoguide/podiatrists/fl/trenton/",
    "count": 14
  },
  {
    "name": "Trinity",
    "slug": "trinity",
    "href": "/podoguide/podiatrists/fl/trinity/",
    "count": 146
  },
  {
    "name": "Tyndall Afb",
    "slug": "tyndall-afb",
    "href": "/podoguide/podiatrists/fl/tyndall-afb/",
    "count": 13
  },
  {
    "name": "Umatilla",
    "slug": "umatilla",
    "href": "/podoguide/podiatrists/fl/umatilla/",
    "count": 5
  },
  {
    "name": "University Park",
    "slug": "university-park",
    "href": "/podoguide/podiatrists/fl/university-park/",
    "count": 15
  },
  {
    "name": "Valparaiso",
    "slug": "valparaiso",
    "href": "/podoguide/podiatrists/fl/valparaiso/",
    "count": 6
  },
  {
    "name": "Valrico",
    "slug": "valrico",
    "href": "/podoguide/podiatrists/fl/valrico/",
    "count": 75
  },
  {
    "name": "Venice",
    "slug": "venice",
    "href": "/podoguide/podiatrists/fl/venice/",
    "count": 248
  },
  {
    "name": "Vernon",
    "slug": "vernon",
    "href": "/podoguide/podiatrists/fl/vernon/",
    "count": 3
  },
  {
    "name": "Vero Beach",
    "slug": "vero-beach",
    "href": "/podoguide/podiatrists/fl/vero-beach/",
    "count": 308
  },
  {
    "name": "Viera",
    "slug": "viera",
    "href": "/podoguide/podiatrists/fl/viera/",
    "count": 35
  },
  {
    "name": "Village Of Palmetto Bay",
    "slug": "village-of-palmetto-bay",
    "href": "/podoguide/podiatrists/fl/village-of-palmetto-bay/",
    "count": 2
  },
  {
    "name": "Village Of Wellington",
    "slug": "village-of-wellington",
    "href": "/podoguide/podiatrists/fl/village-of-wellington/",
    "count": 1
  },
  {
    "name": "Virginia Gardens",
    "slug": "virginia-gardens",
    "href": "/podoguide/podiatrists/fl/virginia-gardens/",
    "count": 10
  },
  {
    "name": "W Melbourne",
    "slug": "w-melbourne",
    "href": "/podoguide/podiatrists/fl/w-melbourne/",
    "count": 1
  },
  {
    "name": "Watersound",
    "slug": "watersound",
    "href": "/podoguide/podiatrists/fl/watersound/",
    "count": 1
  },
  {
    "name": "Wauchula",
    "slug": "wauchula",
    "href": "/podoguide/podiatrists/fl/wauchula/",
    "count": 41
  },
  {
    "name": "Waycross",
    "slug": "waycross",
    "href": "/podoguide/podiatrists/fl/waycross/",
    "count": 1
  },
  {
    "name": "Webster",
    "slug": "webster",
    "href": "/podoguide/podiatrists/fl/webster/",
    "count": 1
  },
  {
    "name": "Weeki Wachee",
    "slug": "weeki-wachee",
    "href": "/podoguide/podiatrists/fl/weeki-wachee/",
    "count": 22
  },
  {
    "name": "Weirsdale",
    "slug": "weirsdale",
    "href": "/podoguide/podiatrists/fl/weirsdale/",
    "count": 10
  },
  {
    "name": "Wellingotn",
    "slug": "wellingotn",
    "href": "/podoguide/podiatrists/fl/wellingotn/",
    "count": 1
  },
  {
    "name": "Wellington",
    "slug": "wellington",
    "href": "/podoguide/podiatrists/fl/wellington/",
    "count": 252
  },
  {
    "name": "Wesley Chapel",
    "slug": "wesley-chapel",
    "href": "/podoguide/podiatrists/fl/wesley-chapel/",
    "count": 295
  },
  {
    "name": "West Melbourne",
    "slug": "west-melbourne",
    "href": "/podoguide/podiatrists/fl/west-melbourne/",
    "count": 25
  },
  {
    "name": "West Miami",
    "slug": "west-miami",
    "href": "/podoguide/podiatrists/fl/west-miami/",
    "count": 19
  },
  {
    "name": "West Palm Bch",
    "slug": "west-palm-bch",
    "href": "/podoguide/podiatrists/fl/west-palm-bch/",
    "count": 7
  },
  {
    "name": "West Palm Beach",
    "slug": "west-palm-beach",
    "href": "/podoguide/podiatrists/fl/west-palm-beach/",
    "count": 823
  },
  {
    "name": "West Park",
    "slug": "west-park",
    "href": "/podoguide/podiatrists/fl/west-park/",
    "count": 7
  },
  {
    "name": "Westchase",
    "slug": "westchase",
    "href": "/podoguide/podiatrists/fl/westchase/",
    "count": 2
  },
  {
    "name": "Westlake",
    "slug": "westlake",
    "href": "/podoguide/podiatrists/fl/westlake/",
    "count": 6
  },
  {
    "name": "Weston",
    "slug": "weston",
    "href": "/podoguide/podiatrists/fl/weston/",
    "count": 322
  },
  {
    "name": "Wewahitchka",
    "slug": "wewahitchka",
    "href": "/podoguide/podiatrists/fl/wewahitchka/",
    "count": 5
  },
  {
    "name": "White Springs",
    "slug": "white-springs",
    "href": "/podoguide/podiatrists/fl/white-springs/",
    "count": 1
  },
  {
    "name": "Wildwood",
    "slug": "wildwood",
    "href": "/podoguide/podiatrists/fl/wildwood/",
    "count": 55
  },
  {
    "name": "Williston",
    "slug": "williston",
    "href": "/podoguide/podiatrists/fl/williston/",
    "count": 14
  },
  {
    "name": "Wilton Manors",
    "slug": "wilton-manors",
    "href": "/podoguide/podiatrists/fl/wilton-manors/",
    "count": 33
  },
  {
    "name": "Wilwood",
    "slug": "wilwood",
    "href": "/podoguide/podiatrists/fl/wilwood/",
    "count": 1
  },
  {
    "name": "Wimauma",
    "slug": "wimauma",
    "href": "/podoguide/podiatrists/fl/wimauma/",
    "count": 13
  },
  {
    "name": "Windermere",
    "slug": "windermere",
    "href": "/podoguide/podiatrists/fl/windermere/",
    "count": 65
  },
  {
    "name": "Winter Garden",
    "slug": "winter-garden",
    "href": "/podoguide/podiatrists/fl/winter-garden/",
    "count": 134
  },
  {
    "name": "Winter Haven",
    "slug": "winter-haven",
    "href": "/podoguide/podiatrists/fl/winter-haven/",
    "count": 274
  },
  {
    "name": "Winter Park",
    "slug": "winter-park",
    "href": "/podoguide/podiatrists/fl/winter-park/",
    "count": 415
  },
  {
    "name": "Winter Springs",
    "slug": "winter-springs",
    "href": "/podoguide/podiatrists/fl/winter-springs/",
    "count": 51
  },
  {
    "name": "Winterpark",
    "slug": "winterpark",
    "href": "/podoguide/podiatrists/fl/winterpark/",
    "count": 1
  },
  {
    "name": "Youngstown",
    "slug": "youngstown",
    "href": "/podoguide/podiatrists/fl/youngstown/",
    "count": 2
  },
  {
    "name": "Yulee",
    "slug": "yulee",
    "href": "/podoguide/podiatrists/fl/yulee/",
    "count": 50
  },
  {
    "name": "Zellwood",
    "slug": "zellwood",
    "href": "/podoguide/podiatrists/fl/zellwood/",
    "count": 1
  },
  {
    "name": "Zephyrhills",
    "slug": "zephyrhills",
    "href": "/podoguide/podiatrists/fl/zephyrhills/",
    "count": 204
  },
  {
    "name": "Zolfo Springs",
    "slug": "zolfo-springs",
    "href": "/podoguide/podiatrists/fl/zolfo-springs/",
    "count": 2
  }
]